patient_id,patient_name,age,gender,email,phone,doctor_name,department,admission_date,discharge_date,disease,room_no,bill_amount,payment_status,hospital_name
lawyer,Mr. Chad Smith,60,Male,leerebecca@example.com,+1-684-904-8230x62052,Gregory Summers,create,2010-06-12,1988-04-23,tend,ability,4249.09,media,Peter Jones
learn,Angela Gibson,56,Male,heatherjohnson@example.net,9209757772,Bernard Duncan,nice,2010-10-21,1999-01-26,around,book,6871.99,another,Donna Ramirez
yet,Carolyn Davis,61,Other,summersmartha@example.com,855.447.3356,Carla Bates,program,2014-11-15,2010-12-16,really,child,6492.56,agree,Patrick Allison
cell,Rachel Thompson,61,Female,cantrellbrian@example.com,591-637-3201x8466,Richard Snyder,college,1971-03-28,2008-04-27,itself,better,2972.33,which,Patricia Obrien
wonder,Jessica Parker,40,Male,russelljeffrey@example.com,600-350-8579x174,Andrew Knight,she,2003-08-18,1984-02-07,fight,protect,7641.44,eight,Jose Sheppard
simply,Tiffany Mendoza,30,Male,vwyatt@example.org,971-707-9369x34422,Amanda Meyer,safe,1984-12-02,1988-03-23,so,yet,478.96,change,Kayla Hoffman
pick,Phillip Curtis,41,Male,erikasimmons@example.net,001-523-627-2622x765,Jerry Murphy,at,1977-05-15,1980-05-22,walk,group,6923.95,away,Lindsay Johnson
what,Leah Myers,46,Female,stephanie25@example.net,001-460-883-1339x1746,Katie Scott,exist,1982-02-22,1998-02-17,official,beyond,690.71,moment,Emily Turner
see,Veronica Garrett,25,Female,nboyle@example.net,671.236.4626,Cody Yu,season,2004-04-12,1971-06-13,well,cover,8548.11,less,Sean Quinn
defense,Antonio Brewer,61,Female,rhonda70@example.com,(637)907-2825x5328,Steven Walker,play,1997-08-07,2020-02-06,much,fear,4697.83,machine,Kyle Martin
page,Robin Reyes,30,Female,denniskane@example.org,943.280.4702,Mr. James Peterson DVM,mouth,2003-03-07,2003-10-13,oil,actually,5085.09,push,Robert Luna
finish,Casey Braun,55,Female,brian69@example.com,001-521-987-7708,Douglas Allen,all,1976-01-10,1990-02-12,together,institution,3527.84,reason,Angela Browning
draw,Rodney Crawford,32,Other,meganjohnson@example.org,+1-231-806-4428x4592,Ashley Walker,heart,1992-01-06,1982-06-28,rise,scientist,872.88,fire,Eugene Adams
ever,Claudia Carrillo,40,Other,amy51@example.com,(551)897-2725x2950,Danielle Gordon,four,2000-10-11,1994-12-06,evidence,hotel,3182.79,benefit,William Miller
act,Linda Thompson,54,Male,charles88@example.org,(299)561-1195x368,Kimberly Waters,fact,2022-10-03,2025-07-19,long,design,3242.08,himself,Maria Jones
wear,Tammy Allen,67,Male,lambertmonica@example.org,001-493-579-5654x990,Joshua White,letter,1988-11-05,1975-07-16,billion,operation,3439.86,some,Amanda White
though,Samantha Morris,37,Female,lozanodeborah@example.com,+1-526-244-4559x592,Monica Williams,source,2022-03-12,1984-11-28,decade,professional,3273.21,food,Brenda Miller
design,Julie Jackson,58,Male,hsmith@example.net,(343)450-9790x4981,Christine Carter,factor,1986-10-21,2023-05-01,method,dark,9292.42,whether,Rodney Maddox
we,Trevor Whitaker,63,Male,fmartinez@example.net,(665)564-8324,Michael Friedman,accept,2010-11-28,1984-01-10,drug,energy,143.0,loss,Brandy Smith
strong,Mrs. Megan Alvarez MD,40,Other,ijohnston@example.com,724-425-9101,Johnny Schultz,ten,1997-05-17,1981-10-09,however,institution,1682.59,interesting,Julie Fuentes
