Patient Name,Age,Gender,Disease,Doctor,Admission Date,Email,Phone
Seth Zimmerman,22,Female,candidate,use,1991-09-01,christensenchristopher@example.com,841.268.2374
Laura Garcia,7,Male,deal,capital,2003-04-29,jonathonbooker@example.net,691.299.9047
Amy Anderson,72,Female,anything,catch,2018-10-17,ikennedy@example.net,001-884-844-6508
Andrew Ware,7,Male,sit,air,1993-01-12,laurabates@example.com,+1-757-728-3820x776
David Hunter DVM,39,Female,clear,true,2018-06-21,danny44@example.com,916-707-8990
Kelly Barrera,24,Male,analysis,middle,2007-10-16,jonespaul@example.com,001-761-962-3306x477
Mr. Joe Ramsey,86,Female,indeed,over,1987-05-19,john59@example.net,8237529750
Robert Fisher,42,Male,name,energy,2025-11-21,icollins@example.org,001-751-378-9838
Ronald Floyd,52,Female,sign,six,2013-09-18,laura12@example.com,(631)707-2621
Edward Wolfe,72,Female,wonder,election,1972-02-19,kelsey50@example.net,351.736.2802
James Bradshaw,67,Female,five,center,1978-01-14,christopherfreeman@example.net,(514)929-1338
Danielle Soto,42,Male,respond,population,2019-11-16,carriewyatt@example.net,5099701951
Brittany Myers,25,Male,resource,painting,1973-08-01,charles21@example.org,496.864.3937
Elizabeth Brown,17,Male,born,indicate,2020-09-01,imyers@example.org,+1-585-920-9327x8225
Jennifer Hamilton,38,Male,nor,sure,2009-06-04,harmonryan@example.org,(546)729-3632
Brian Byrd,89,Male,study,future,1992-10-12,ian77@example.net,+1-598-850-3682x1525
Brenda Palmer,11,Male,spring,practice,2001-03-12,bobby31@example.com,726.305.9961
Mark Green,49,Female,along,upon,1994-02-12,brendan55@example.net,001-808-871-7656x445
Elizabeth Espinoza,65,Male,current,half,1974-09-06,matthew29@example.com,001-750-257-5406
Tiffany Garza,77,Female,movie,far,2015-12-04,qolson@example.com,001-338-317-8987
Joseph Mendez,79,Male,onto,usually,1974-08-16,lauren56@example.net,(207)696-3767
Joshua Harris,64,Male,treat,fight,2000-07-23,parrishmary@example.net,859.550.9000
Scott Davis,33,Female,short,food,1993-09-23,larsonnathan@example.net,+1-387-730-4940
Dana Wilson,16,Male,meeting,word,1971-10-20,donaldsonchristopher@example.net,960.213.0701x4131
Debra Marsh,80,Female,brother,personal,1980-10-17,tgutierrez@example.com,679.683.9802x792
Carlos Burgess,77,Male,already,relationship,2009-06-30,susanhuber@example.org,468-639-0108x94784
Jeremiah Ashley,7,Male,care,pick,2021-01-13,hallbrian@example.net,766-637-4395
Edward Walker,38,Female,reason,man,1995-08-23,laurafoster@example.com,001-222-255-9501x94930
Joseph Stokes,57,Male,north,thousand,2012-05-01,erika49@example.net,562.671.4906
Daniel Kim,88,Male,election,father,1974-08-29,christopherlee@example.com,+1-507-669-9556x4006
Frank Savage,50,Female,bill,traditional,1979-05-12,amanda64@example.net,469.510.3591
Kyle Lopez,53,Male,religious,couple,1977-09-23,howardsandra@example.com,9709921445
Tammy Mitchell,87,Female,major,pass,2019-01-16,swashington@example.com,+1-586-946-3140x6622
Dr. Lisa Wallace,13,Male,course,similar,1975-06-23,danielherman@example.com,(605)753-7615
David Daniels,59,Male,activity,apply,1987-05-26,perezmelissa@example.com,607.867.4830x931
Richard Smith,2,Female,prove,common,2018-03-20,richardlamb@example.net,649.943.2090x694
Philip Harrell,86,Male,others,almost,1988-10-06,dsmith@example.org,(648)560-1412x3885
Patricia Lee,1,Male,not,firm,2025-03-09,elliottdouglas@example.net,978.834.7119
Gabrielle Chaney,5,Female,agent,authority,1978-08-22,pamela26@example.com,362-532-0405x365
Barbara Griffin,42,Male,key,early,2019-06-15,daniel95@example.net,3464030424
Joshua Leon,24,Male,animal,different,2025-09-06,dennissandoval@example.net,(448)748-1736x5482
Ralph Mccoy,61,Female,teach,another,2009-11-20,timothymathews@example.net,(797)690-5894x934
John Mccarthy,4,Female,modern,certain,2014-08-02,steve23@example.com,+1-695-548-1327x33905
Timothy Davis,81,Male,responsibility,end,1972-08-27,michelleweaver@example.net,+1-896-532-1805x52467
Mark Jackson,37,Male,that,American,1982-12-04,allensanchez@example.org,811-241-8370
Elizabeth Rodriguez,40,Male,different,name,2013-04-09,hfrazier@example.org,365.917.7899
Dustin Martin,41,Female,figure,building,1974-08-25,jonesemily@example.com,001-751-588-2419
Brenda Taylor,13,Male,real,upon,1990-09-10,normansarah@example.net,675-763-8040
Barbara Hicks,31,Female,nice,often,1980-01-26,iphelps@example.com,205-973-3975
Brittany Anderson,61,Male,public,reason,1970-10-02,ianchase@example.net,001-315-318-0229x031
