Employee Name,Emp ID,Department,Salary,Joining Date,Email
James Fernandez,JR-2940,Fall,42347,2004-05-20,fieldswilliam@example.net
Richard Gomez,SW-7966,Else,95754,2015-10-06,yatesjessica@example.net
Charles Vasquez,ZE-0698,Move,72490,1996-04-27,michellepena@example.com
Brandon Wang,TG-1731,Oil,90643,2019-06-09,charles35@example.com
Angie Gray,GI-7653,Learn,4183,1979-08-20,cking@example.net
Lindsay Gomez,NB-6520,Window,78753,2021-08-18,smithgabriel@example.com
Gina Davis,KR-9918,Kitchen,80830,2016-06-17,katherinegardner@example.net
Sherry Tyler,RE-2389,Special,19166,1983-10-15,yharris@example.org
Michelle Boyer,SP-6456,Control,15001,1971-02-15,kevinlarsen@example.org
Bruce Torres,LF-4894,Page,92903,2011-02-07,glopez@example.org
