Owner Name,Property Type,City,Price,Area
Brittany Garcia,Add,Fuentesville,7323,South Beckyberg
Steven Chavez,Operation,East Keithberg,34009,Lake Julia
Luis Campbell,Page,Walkerchester,37169,South Kimberly
Christopher Johnston,Evidence,Jasonshire,30306,Jessicaburgh
Jessica Powell,Wind,Chloefurt,70923,West Timothyberg
John Adams,Spring,East Jameston,41409,Wareview
Samantha White,Probably,Timothyshire,66362,North Charles
Jeanette Gray DDS,Story,Martinbury,19513,Barbaramouth
Barbara Combs,Early,Evansburgh,27831,East Davidfurt
Stephanie Duncan,Open,Jamesside,55310,Lisamouth
